{
  "ingredients": [
    { "id": 1, "name": "Tomato" },
    { "id": 2, "name": "Onion" },
    { "id": 3, "name": "Garlic" },
    { "id": 4, "name": "Carrot" },
    { "id": 5, "name": "Potato" },
    { "id": 6, "name": "Celery" },
    { "id": 7, "name": "Broccoli" },
    { "id": 8, "name": "Spinach" },
    { "id": 9, "name": "Cauliflower" },
    { "id": 10, "name": "Mushroom" },
    { "id": 11, "name": "Zucchini" },
    { "id": 12, "name": "Eggplant" },
    { "id": 13, "name": "Bell Pepper" },
    { "id": 14, "name": "Lettuce" },
    { "id": 15, "name": "Cucumber" },
    { "id": 16, "name": "Pumpkin" },
    { "id": 17, "name": "Sweet Potato" },
    { "id": 18, "name": "Corn" },
    { "id": 19, "name": "Green Beans" },
    { "id": 20, "name": "Peas" },
    { "id": 21, "name": "Asparagus" },
    { "id": 22, "name": "Kale" },
    { "id": 23, "name": "Avocado" },
    { "id": 24, "name": "Ginger" },
    { "id": 25, "name": "Lemon" },
    { "id": 26, "name": "Lime" },
    { "id": 27, "name": "Orange" },
    { "id": 28, "name": "Apple" },
    { "id": 29, "name": "Banana" },
    { "id": 30, "name": "Strawberry" },
    { "id": 31, "name": "Blueberry" },
    { "id": 32, "name": "Raspberry" },
    { "id": 33, "name": "Blackberry" },
    { "id": 34, "name": "Pineapple" },
    { "id": 35, "name": "Mango" },
    { "id": 36, "name": "Papaya" },
    { "id": 37, "name": "Coconut" },
    { "id": 38, "name": "Grapes" },
    { "id": 39, "name": "Watermelon" },
    { "id": 40, "name": "Melon" },
    { "id": 41, "name": "Peach" },
    { "id": 42, "name": "Cherry" },
    { "id": 43, "name": "Pear" },
    { "id": 44, "name": "Plum" },
    { "id": 45, "name": "Apricot" },
    { "id": 46, "name": "Avocado Oil" },
    { "id": 47, "name": "Olive Oil" },
    { "id": 48, "name": "Coconut Oil" },
    { "id": 49, "name": "Butter" },
    { "id": 50, "name": "Salt" },
    { "id": 51, "name": "Pepper" },
    { "id": 52, "name": "Chili Powder" },
    { "id": 53, "name": "Cumin" },
    { "id": 54, "name": "Coriander" },
    { "id": 55, "name": "Turmeric" },
    { "id": 56, "name": "Paprika" },
    { "id": 57, "name": "Oregano" },
    { "id": 58, "name": "Basil" },
    { "id": 59, "name": "Rosemary" },
    { "id": 60, "name": "Thyme" },
    { "id": 61, "name": "Parsley" },
    { "id": 62, "name": "Sage" },
    { "id": 63, "name": "Nutmeg" },
    { "id": 64, "name": "Cinnamon" },
    { "id": 65, "name": "Cloves" },
    { "id": 66, "name": "Vanilla" },
    { "id": 67, "name": "Honey" },
    { "id": 68, "name": "Maple Syrup" },
    { "id": 69, "name": "Brown Sugar" },
    { "id": 70, "name": "White Sugar" },
    { "id": 71, "name": "Flour" },
    { "id": 72, "name": "Rice" },
    { "id": 73, "name": "Quinoa" },
    { "id": 74, "name": "Oats" },
    { "id": 75, "name": "Pasta" },
    { "id": 76, "name": "Bread" },
    { "id": 77, "name": "Milk" },
    { "id": 78, "name": "Cheese" },
    { "id": 79, "name": "Yogurt" },
    { "id": 80, "name": "Egg" },
    { "id": 81, "name": "Chicken" },
    { "id": 82, "name": "Beef" },
    { "id": 83, "name": "Pork" },
    { "id": 84, "name": "Fish" },
    { "id": 85, "name": "Shrimp" },
    { "id": 86, "name": "Tofu" },
    { "id": 87, "name": "Lentils" },
    { "id": 88, "name": "Chickpeas" },
    { "id": 89, "name": "Beans" },
    { "id": 90, "name": "Almonds" },
    { "id": 91, "name": "Walnuts" },
    { "id": 92, "name": "Cashews" },
    { "id": 93, "name": "Peanuts" },
    { "id": 94, "name": "Hazelnuts" },
    { "id": 95, "name": "Pecans" },
    { "id": 96, "name": "Sunflower Seeds" },
    { "id": 97, "name": "Pumpkin Seeds" },
    { "id": 98, "name": "Sesame Seeds" },
    { "id": 99, "name": "Chia Seeds" },
    { "id": 100, "name": "Flax Seeds" }
  ]
}
